ts	phase	decision	why	evidence	result
2026-10-04T09:31:53Z	frame	Two packages, updater and dashboard, sharing the sqlite file and not importing each other	The cron job and the page are different processes. A third shared Python package would pull the writable database opener into the page.	AGENTS.md entry points	open until the move lands
2026-10-04T09:31:53Z	frame	Skipped a three-model design bakeoff	The package names were already the two tasks, and the move is reversible in git.	poteto-mode playbooks/refactoring.md line 10	skipped
2026-10-04T09:31:53Z	pin	Recorded one ingestion run through the sqlite file before moving files	The move should keep new dates, same-day updates, stale dates, derived series, and run status.	commit 7cdf666 updater/test_check.py	9 tests ok on the old layout
2026-10-04T09:31:53Z	move	Moved the cron job to python -m updater and deleted the root modules	One entry point. A root main.py shim would leave two ways to start the job, and the installed cron line has to change.	updater/__main__.py	smoke wrote 4 series, status partial, exit 0, log at logs/
2026-10-04T09:31:53Z	boundary	Dashboard still does not import updater. It now recognizes python -m updater as the running job.	The writer opens sqlite read-write and turns on WAL. The page opens the file mode=ro.	dashboard/test_dashboard.py IsolationTests	15 dashboard tests ok in a fresh process
2026-10-04T09:31:53Z	parser	Dashboard dotenv lookup now matches pydantic-settings on case and inline comments	A lowercase sqlite_db_path and a trailing hash comment made the page open a different file than the job.	dashboard/read.py _dotenv_value	dashboard tests ok
2026-10-04T09:31:53Z	defer	Left updater.store.get_db_connection opening every call read-write	Splitting read and write connections is a new type inside the writer. The page already refuses the import.	updater/store.py get_db_connection	open
2026-10-04T09:32:10Z	frame	The bakeoff skip stands. The earlier evidence path is not in this repo.	That row pointed at a local skill file a reviewer cannot open from the pull request.	decisions.tsv	supersedes the skipped bakeoff row
2026-10-04T09:32:27Z	move	The package split is commit 38a4d46	That commit is the move the earlier row described.	commit 38a4d46	landed
2026-10-04T09:32:54Z	review	Deleted package docstrings and a stale systemd comment after a comment pass	Those notes restated the file names or named systemd, and this job runs from cron.	updater/__init__.py updater/__main__.py	comments removed, tests still green
2026-10-04T09:32:54Z	frame	Read the modules directly instead of spawning a walkthrough agent	The python in this repo is under a thousand lines, and every entry point was already open.	updater/check.py dashboard/read.py	grounded from the files
